INSERT INTO TB_UF (CODIGO_UF, SIGLA, NOME, STATUS) VALUES (1, 'RJ', 'RIO DE JANEIRO', 1 )
INSERT INTO TB_UF (CODIGO_UF, SIGLA, NOME, STATUS) VALUES (2, 'SP', 'SÃO PAULO', 1 )
INSERT INTO TB_UF (CODIGO_UF, SIGLA, NOME, STATUS) VALUES (3, 'MG', 'MINAS GERAIS', 1 )

INSERT INTO TB_MUNICIPIO (CODIGO_MUNICIPIO, CODIGO_UF, NOME, STATUS) VALUES (1, 1, 'PETRÓPOLIS', 1)
INSERT INTO TB_MUNICIPIO (CODIGO_MUNICIPIO, CODIGO_UF, NOME, STATUS) VALUES (2, 2, 'CAMPINAS', 1)
INSERT INTO TB_MUNICIPIO (CODIGO_MUNICIPIO, CODIGO_UF, NOME, STATUS) VALUES (3, 3, 'BELO HORIZONTE', 1)

INSERT INTO TB_BAIRRO (CODIGO_BAIRRO, CODIGO_MUNICIPIO, NOME, STATUS) VALUES (1,1, 'BOTAFOGO', 1)                   
INSERT INTO TB_BAIRRO (CODIGO_BAIRRO, CODIGO_MUNICIPIO, NOME, STATUS) VALUES (2,2, 'GUANABARA', 1)                   
INSERT INTO TB_BAIRRO (CODIGO_BAIRRO, CODIGO_MUNICIPIO, NOME, STATUS) VALUES (3,3, 'PIRATININGA', 1)                   

INSERT INTO TB_PESSOA (CODIGO_PESSOA, NOME, SOBRENOME, IDADE, LOGIN, SENHA, STATUS)
VALUES (1, 'WANDERLUCIO', 'ALVES', 30, 'SQUADRADIGITAL@GMAIL.COM', 'BATATAFRITA', 1)

INSERT INTO TB_ENDERECO (CODIGO_ENDERECO, CODIGO_PESSOA, CODIGO_BAIRRO, NOME_RUA, NUMERO, COMPLEMENTO, CEP)
VALUES (1, 1, 3, 'RUA MINAS', '208', 'PORTAO AZUL', '12345-678')

INSERT INTO TB_PESSOA (CODIGO_PESSOA, NOME, SOBRENOME, IDADE, LOGIN, SENHA, STATUS)
VALUES (2, 'CAMILA', 'RIBEIRO', 24, 'CAMILINHAA@GMAIL.COM', 'QUEROPRAIA', 1)

INSERT INTO TB_ENDERECO (CODIGO_ENDERECO, CODIGO_PESSOA, CODIGO_BAIRRO, NOME_RUA, NUMERO, COMPLEMENTO, CEP)
VALUES (2, 2, 1, 'RUA BOTAFOGO', '0108', 'APTO 1907' , '12345-789')

INSERT INTO TB_PESSOA (CODIGO_PESSOA, NOME, SOBRENOME, IDADE, LOGIN, SENHA, STATUS)
VALUES (3, 'HECTOR', 'OLIVEIRA', 26, 'HECTORBONILHAA@GMAIL.COM', 'SQUADRA123', 1)

INSERT INTO TB_ENDERECO (CODIGO_ENDERECO, CODIGO_PESSOA, CODIGO_BAIRRO, NOME_RUA, NUMERO, COMPLEMENTO, CEP)
VALUES (3, 3, 1, 'RUA BOTAFOGO', '0108', 'APTO 1907', '12345-789')